{
  "startUrls": [
    "Futebol",
    "Campeonato_Brasileiro_de_Futebol",
    "Copa_do_Mundo_FIFA",
    "Copa_Libertadores_da_América",
    "Liga_dos_Campeões_da_UEFA",
    "Futebol_no_Brasil"
  ],
  "themes": [
    ["Pelé", "Pelé"],
    ["Garrincha", "Garrincha"],
    ["Zico", "Zico"],
    ["Romário", "Romário"],
    ["Ronaldo Fenômeno", "Ronaldo_Nazário"],
    ["Ronaldinho Gaúcho", "Ronaldinho_Gaúcho"],
    ["Neymar", "Neymar"],
    ["Marta (futebolista)", "Marta_(futebolista)"],
    ["Cristiano Ronaldo", "Cristiano_Ronaldo"],
    ["Lionel Messi", "Lionel_Messi"],
    ["Diego Maradona", "Diego_Maradona"],
    ["Johan Cruyff", "Johan_Cruyff"],
    ["Zinédine Zidane", "Zinédine_Zidane"],
    ["Franz Beckenbauer", "Franz_Beckenbauer"],
    ["Eusébio", "Eusébio"],
    ["Clube de Regatas do Flamengo", "Clube_de_Regatas_do_Flamengo"],
    ["Sociedade Esportiva Palmeiras", "Sociedade_Esportiva_Palmeiras"],
    ["Sport Club Corinthians Paulista", "Sport_Club_Corinthians_Paulista"],
    ["São Paulo Futebol Clube", "São_Paulo_Futebol_Clube"],
    ["Santos Futebol Clube", "Santos_Futebol_Clube"],
    ["Grêmio Foot-Ball Porto Alegrense", "Grêmio_Foot-Ball_Porto_Alegrense"],
    ["Sport Club Internacional", "Sport_Club_Internacional"],
    ["Cruzeiro Esporte Clube", "Cruzeiro_Esporte_Clube"],
    ["Clube Atlético Mineiro", "Clube_Atlético_Mineiro"],
    ["Club de Regatas Vasco da Gama", "Club_de_Regatas_Vasco_da_Gama"],
    ["Fluminense Football Club", "Fluminense_Football_Club"],
    ["Botafogo de Futebol e Regatas", "Botafogo_de_Futebol_e_Regatas"],
    ["Club Athletico Paranaense", "Club_Athletico_Paranaense"],
    ["Coritiba Foot Ball Club", "Coritiba_Foot_Ball_Club"],
    ["Esporte Clube Bahia", "Esporte_Clube_Bahia"],
    ["Esporte Clube Vitória", "Esporte_Clube_Vitória"],
    ["Sport Club do Recife", "Sport_Club_do_Recife"],
    ["Fortaleza Esporte Clube", "Fortaleza_Esporte_Clube"],
    ["Ceará Sporting Club", "Ceará_Sporting_Club"],
    ["Goiás Esporte Clube", "Goiás_Esporte_Clube"],
    ["Real Madrid CF", "Real_Madrid_Club_de_Fútbol"],
    ["FC Barcelona", "Futbol_Club_Barcelona"],
    ["FC Bayern de Munique", "Bayern_de_Munique"],
    ["Manchester City FC", "Manchester_City_Football_Club"],
    ["Liverpool FC", "Liverpool_Football_Club"],
    ["Manchester United FC", "Manchester_United_Football_Club"],
    ["Juventus FC", "Juventus_Football_Club"],
    ["AC Milan", "Associazione_Calcio_Milan"],
    ["Inter de Milão", "Football_Club_Internazionale_Milano"],
    ["Paris Saint-Germain FC", "Paris_Saint-Germain_Football_Club"],
    ["SL Benfica", "Sport_Lisboa_e_Benfica"],
    ["FC Porto", "Futebol_Clube_do_Porto"],
    ["Sporting CP", "Sporting_Clube_de_Portugal"],
    ["Boca Juniors", "Club_Atlético_Boca_Juniors"],
    ["River Plate", "Club_Atlético_River_Plate"],
    ["Peñarol", "Club_Atlético_Peñarol"],
    ["Nacional (Uruguai)", "Club_Nacional_de_Football"],
    ["Estádio do Maracanã", "Estádio_do_Maracanã"],
    ["Estádio do Morumbi", "Estádio_do_Morumbi"],
    ["Neo Química Arena", "Neo_Química_Arena"],
    ["Allianz Parque", "Allianz_Parque"],
    ["Mineirão", "Estádio_Governador_Magalhães_Pinto"],
    ["Beira-Rio", "Estádio_Beira-Rio"],
    ["Arena do Grêmio", "Arena_do_Grêmio"],
    ["Estádio de Wembley", "Estádio_de_Wembley"],
    ["Santiago Bernabéu", "Estádio_Santiago_Bernabéu"],
    ["Camp Nou", "Camp_Nou"],
    ["Copa do Mundo de 1950", "Copa_do_Mundo_FIFA_de_1950"],
    ["Copa do Mundo de 1958", "Copa_do_Mundo_FIFA_de_1958"],
    ["Copa do Mundo de 1962", "Copa_do_Mundo_FIFA_de_1962"],
    ["Copa do Mundo de 1970", "Copa_do_Mundo_FIFA_de_1970"],
    ["Copa do Mundo de 1994", "Copa_do_Mundo_FIFA_de_1994"],
    ["Copa do Mundo de 2002", "Copa_do_Mundo_FIFA_de_2002"],
    ["Copa do Mundo de 2014", "Copa_do_Mundo_FIFA_de_2014"],
    ["Copa do Mundo de 2022", "Copa_do_Mundo_FIFA_de_2022"],
    ["Copa América", "Copa_América"],
    ["Eurocopa", "Campeonato_Europeu_de_Futebol"],
    ["Copa das Confederações", "Copa_das_Confederações_FIFA"],
    ["Mundial de Clubes FIFA", "Copa_do_Mundo_de_Clubes_da_FIFA"],
    ["Copa do Brasil", "Copa_do_Brasil_de_Futebol"],
    ["Campeonato Paulista", "Campeonato_Paulista_de_Futebol"],
    ["Campeonato Carioca", "Campeonato_Carioca_de_Futebol"],
    ["Campeonato Mineiro", "Campeonato_Mineiro_de_Futebol"],
    ["Campeonato Gaúcho", "Campeonato_Gaúcho_de_Futebol"],
    ["Copa do Nordeste", "Copa_do_Nordeste_de_Futebol"],
    ["Globo Esporte", "Globo_Esporte"],
    ["Jogo Aberto", "Jogo_Aberto"],
    ["Esporte Espetacular", "Esporte_Espetacular"],
    ["Galvão Bueno", "Galvão_Bueno"],
    ["Luciano do Valle", "Luciano_do_Valle"],
    ["Silvio Luiz", "Silvio_Luiz"],
    ["Tiago Leifert", "Tiago_Leifert"],
    ["Milton Neves", "Milton_Neves"],
    ["Casagrande", "Walter_Casagrande"],
    ["Caio Ribeiro", "Caio_Ribeiro"],
    ["Craque Neto", "Neto_(futebolista)"],
    ["Tite (treinador)", "Tite_(treinador)"],
    ["Luiz Felipe Scolari", "Luiz_Felipe_Scolari"],
    ["Telê Santana", "Telê_Santana"],
    ["Mário Zagallo", "Mário_Zagallo"],
    ["Pep Guardiola", "Pep_Guardiola"],
    ["José Mourinho", "José_Mourinho"],
    ["Carlo Ancelotti", "Carlo_Ancelotti"],
    ["Zico (treinador)", "Zico"],
    ["Jorge Jesus", "Jorge_Jesus"]
    ["Abel Ferreira", "Abel_Ferreira"],
    ["Renato Gaúcho", "Renato_Portaluppi"],
    ["Muricy Ramalho", "Muricy_Ramalho"],
    ["Vanderlei Luxemburgo", "Vanderlei_Luxemburgo"],
    ["Kaká", "Kaká"],
    ["Cafu", "Cafu"],
    ["Roberto Carlos", "Roberto_Carlos"],
    ["Rivaldo", "Rivaldo"],
    ["Vinícius Júnior", "Vinícius_Júnior"],
    ["Rodrygo", "Rodrygo_Goes"],
    ["Alisson Becker", "Alisson_Becker"],
    ["Casemiro", "Casemiro_(futebolista)"],
    ["Marquinhos", "Marquinhos_(futebolista)"],
    ["Thiago Silva", "Thiago_Silva"],
    ["Gabriel Jesus", "Gabriel_Jesus"],
    ["Richarlison", "Richarlison"],
    ["Lucas Paquetá", "Lucas_Paquetá"],
    ["Ederson", "Ederson_(futebolista_nascido_em_1993)"],
    ["Kylian Mbappé", "Kylian_Mbappé"],
    ["Erling Haaland", "Erling_Haaland"],
    ["Mohamed Salah", "Mohamed_Salah"],
    ["Robert Lewandowski", "Robert_Lewandowski"],
    ["Kevin De Bruyne", "Kevin_De_Bruyne"],
    ["Luka Modrić", "Luka_Modrić"],
    ["Karim Benzema", "Karim_Benzema"],
    ["Luis Suárez", "Luis_Suárez"],
    ["Harry Kane", "Harry_Kane"],
    ["Zlatan Ibrahimović", "Zlatan_Ibrahimović"],
    ["Thierry Henry", "Thierry_Henry"],
    ["Didier Drogba", "Didier_Drogba"],
    ["Samuel Eto'o", "Samuel_Eto'o"],
    ["Gianluigi Buffon", "Gianluigi_Buffon"],
    ["Manuel Neuer", "Manuel_Neuer"],
    ["Iker Casillas", "Iker_Casillas"],
    ["Lev Yashin", "Lev_Yashin"],
    ["David Beckham", "David_Beckham"],
    ["Wayne Rooney", "Wayne_Rooney"],
    ["Steven Gerrard", "Steven_Gerrard"],
    ["Frank Lampard", "Frank_Lampard"],
    ["Andrea Pirlo", "Andrea_Pirlo"],
    ["Xavi", "Xavi"],
    ["Andrés Iniesta", "Andrés_Iniesta"],
    ["Sergio Ramos", "Sergio_Ramos"],
    ["Carles Puyol", "Carles_Puyol"],
    ["Paolo Maldini", "Paolo_Maldini"],
    ["Roberto Baggio", "Roberto_Baggio"],
    ["Gabriel Batistuta", "Gabriel_Batistuta"],
    ["Arsenal FC", "Arsenal_Football_Club"],
    ["Chelsea FC", "Chelsea_Football_Club"],
    ["Tottenham Hotspur", "Tottenham_Hotspur_Football_Club"],
    ["Atlético de Madrid", "Atlético_de_Madrid"],
    ["Borussia Dortmund", "Borussia_Dortmund"],
    ["AFC Ajax", "Amsterdamsche_Football_Club_Ajax"],
    ["Olympique de Marseille", "Olympique_de_Marseille"],
    ["Olympique Lyonnais", "Olympique_Lyonnais"],
    ["AS Roma", "Associazione_Sportiva_Roma"],
    ["SS Lazio", "Società_Sportiva_Lazio"],
    ["SSC Napoli", "Società_Sportiva_Calcio_Napoli"],
    ["Sevilla FC", "Sevilla_Fútbol_Club"],
    ["Valencia CF", "Valencia_Club_de_Fútbol"],
    ["PSV Eindhoven", "Philips_Sport_Vereniging"],
    ["AS Monaco", "Association_Sportive_de_Monaco_Football_Club"],
    ["RB Leipzig", "RB_Leipzig"],
    ["Bayer Leverkusen", "Bayer_04_Leverkusen"],
    ["América-MG", "América_Futebol_Clube_(Minas_Gerais)"],
    ["Cuiabá EC", "Cuiabá_Esporte_Clube"],
    ["Red Bull Bragantino", "Red_Bull_Bragantino"],
    ["Ponte Preta", "Associação_Atlética_Ponte_Preta"],
    ["Guarani FC", "Guarani_Futebol_Clube"],
    ["Juventude", "Esporte_Clube_Juventude"],
    ["Criciúma EC", "Criciúma_Esporte_Clube"],
    ["Chapecoense", "Associação_Chapecoense_de_Futebol"],
    ["Atlético Goianiense", "Atlético_Clube_Goianiense"],
    ["Avaí FC", "Avaí_Futebol_Clube"],
    ["Figueirense FC", "Figueirense_Futebol_Clube"],
    ["Joinville EC", "Joinville_Esporte_Clube"],
    ["Náutico", "Clube_Náutico_Capibaribe"],
    ["Santa Cruz FC", "Santa_Cruz_Futebol_Clube"],
    ["Clube do Remo", "Clube_do_Remo"],
    ["Paysandu SC", "Paysandu_Sport_Club"],
    ["Sampaio Corrêa", "Sampaio_Corrêa_Futebol_Clube"],
    ["Vila Nova", "Vila_Nova_Futebol_Clube"],
    ["Brasil de Pelotas", "Grêmio_Esportivo_Brasil"],
    ["Londrina EC", "Londrina_Esporte_Clube"],
    ["Operário-PR", "Operário_Ferroviário_Esporte_Clube"],
    ["Vila Belmiro", "Estádio_Urbano_Caldeira"],
    ["Estádio São Januário", "Estádio_Vasco_da_Gama"],
    ["Estádio do Canindé", "Estádio_Oswaldo_Teixeira_Duarte"],
    ["Ligga Arena", "Ligga_Arena"],
    ["Estádio Couto Pereira", "Estádio_Major_Antônio_Couto_Pereira"],
    ["Estádio do Pacaembu", "Estádio_Municipal_Paulo_Machado_de_Carvalho"],
    ["Estádio Mané Garrincha", "Estádio_Nacional_de_Brasília_Mané_Garrincha"],
    ["Estádio do Castelão", "Estádio_Governador_Plácido_Castelo"],
    ["Arena Fonte Nova", "Arena_Fonte_Nova"],
    ["Arena Pantanal", "Arena_Pantanal"],
    ["Arena da Amazônia", "Arena_da_Amazônia"],
    ["Estádio do Mangueirão", "Estádio_Estadual_Jornalista_Edgar_Augusto_Proença"],
    ["Estádio do Arruda", "Estádio_José_do_Rego_Maciel"],
    ["Anfield", "Anfield"],
    ["Old Trafford", "Old_Trafford"],
    ["Stamford Bridge", "Stamford_Bridge"],
    ["Etihad Stadium", "City_of_Manchester_Stadium"],
    ["San Siro", "Estádio_San_Siro"],
    ["Allianz Arena", "Allianz_Arena"],
    ["Parc des Princes", "Parc_des_Princes"],
    ["Estádio da Luz", "Estádio_da_Luz"],
    ["Estádio de Alvalade", "Estádio_José_Alvalade"],
    ["Estádio do Dragão", "Estádio_do_Dragão"],
    ["La Bombonera", "Estádio_Alberto_J._Armando"],
    ["El Monumental", "Estádio_Monumental_Antonio_Vespucio_Liberti"],
    ["Estádio Centenário", "Estádio_Centenário"],
    ["Estádio Azteca", "Estádio_Azteca"],
    ["Bola de Ouro", "Ballon_d'Or"],
    ["FIFA The Best", "The_Best_FIFA_Football_Awards"],
    ["Chuteira de Ouro", "Bota_de_Ouro_da_UEFA"],
    ["Prémio Puskás", "Prémio_FIFA_Puskás"],
    ["Árbitro", "Árbitro_(futebol)"],
    ["VAR", "Árbitro_assistente_de_vídeo"],
    ["Impedimento", "Impedimento_(futebol)"],
    ["Escanteio", "Pontapé_de_canto"],
    ["Pênalti", "Penálti"],
    ["Cartão Amarelo", "Cartão_amarelo"],
    ["Cartão Vermelho", "Cartão_vermelho"],
    ["Drible", "Drible"],
    ["Goleiro", "Guarda-redes"],
    ["Zagueiro", "Defesa_(futebol)"],
    ["Lateral", "Lateral_(futebol)"],
    ["Volante", "Volante_(futebol)"],
    ["Meio-campista", "Médio_(futebol)"],
    ["Atacante", "Avançado"],
    ["Treinador", "Treinador_(futebol)"],
    ["Substituição", "Substituição_(futebol)"],
    ["Prorrogação", "Prorrogação_(futebol)"],
    ["Disputa de pênaltis", "Decisão_por_penáltis"],
    ["Gol", "Golo"],
    ["Gol contra", "Golo_contra"],
    ["Assistência", "Assistência_(futebol)"],
    ["Capitão", "Capitão_(futebol)"],
    ["Fair Play", "Fair_play"],
    ["Maracanazo", "Maracanazo"],
    ["Mineiraço", "Mineiraço"],
    ["Tragédia de Superga", "Tragédia_de_Superga"],
    ["Desastre de Munique", "Desastre_aéreo_de_Munique"],
    ["Heysel", "Tragédia_de_Heysel"],
    ["Hillsborough", "Desastre_de_Hillsborough"],
    ["Voo LaMia 2933", "Voo_LaMia_2933"],
    ["Hooliganismo", "Hooliganismo_no_futebol"],
    ["Torcida Organizada", "Torcida_organizada"],
    ["Mercado de Transferências", "Transferência_(futebol)"],
    ["Agente de jogadores", "Agente_de_jogadores"]
    ["Roberto Dinamite", "Roberto_Dinamite"],
    ["Tostão", "Tostão"],
    ["Rivelino", "Roberto_Rivelino"],
    ["Bebeto", "Bebeto"],
    ["Dunga", "Dunga"],
    ["Cláudio Taffarel", "Cláudio_Taffarel"],
    ["Rogério Ceni", "Rogério_Ceni"],
    ["Marcos (Goleiro)", "Marcos_Roberto_Silveira_Reis"],
    ["Dida (Goleiro)", "Dida_(goleiro)"],
    ["Júlio César", "Júlio_César_Soares_de_Espírito_Santo"],
    ["Gabriel Barbosa (Gabigol)", "Gabriel_Barbosa"],
    ["Dudu (Palmeiras)", "Dudu_(futebolista,_nascido_em_1992)"],
    ["Hulk (Futebolista)", "Hulk_(futebolista)"],
    ["Paulinho (Atlético-MG)", "Paulinho_(futebolista,_nascido_em_2000)"],
    ["Luís Fabiano", "Luís_Fabiano"],
    ["Fred (Fluminense)", "Fred_(futebolista,_nascido_em_1983)"],
    ["Diego Ribas", "Diego_Ribas_da_Cunha"],
    ["Éverton Ribeiro", "Éverton_Ribeiro"],
    ["Giorgian De Arrascaeta", "Giorgian_De_Arrascaeta"],
    ["Cássio Ramos", "Cássio_Ramos"],
    ["Fagner", "Fagner_Conservas_Lemos"],
    ["Renato Augusto", "Renato_Augusto"],
    ["Jádson", "Jádson_Rodrigues_da_Silva"],
    ["Paolo Guerrero", "Paolo_Guerrero"],
    ["Andrés D'Alessandro", "Andrés_D'Alessandro"],
    ["Paulo Roberto Falcão", "Paulo_Roberto_Falcão"],
    ["Sócrates", "Sócrates_Brasileiro_Sampaio_de_Souza_Vieira_de_Oliveira"],
    ["Careca (Futebolista)", "Careca_(futebolista)"],
    ["Müller (Futebolista)", "Müller_(futebolista)"],
    ["Edmundo", "Edmundo_(futebolista)"],
    ["Evair", "Evair"],
    ["Ademir da Guia", "Ademir_da_Guia"],
    ["Djalma Santos", "Djalma_Santos"],
    ["Nílton Santos", "Nílton_Santos"],
    ["Carlos Alberto Torres", "Carlos_Alberto_Torres"],
    ["Jairzinho", "Jairzinho"],
    ["Vampeta", "Vampeta"],
    ["Ricardinho (Futebolista)", "Ricardinho_(futebolista,_nascido_em_1976)"],
    ["Juninho Pernambucano", "Juninho_Pernambucano"],
    ["Juninho Paulista", "Juninho_Paulista"],
    ["Denílson", "Denílson_de_Oliveira_Araújo"],
    ["Edílson", "Edílson"],
    ["Luizão (Futebolista)", "Luizão_(futebolista)"],
    ["Roque Júnior", "Roque_Júnior"],
    ["Lúcio (Futebolista)", "Lúcio_(futebolista)"],
    ["Juliano Belletti", "Juliano_Belletti"],
    ["Gilberto Silva", "Gilberto_Silva"],
    ["José Kléberson", "José_Kléberson_Pereira"],
    ["Júnior (Maestro)", "Leovegildo_Lins_da_Gama_Júnior"],
    ["Toninho Cerezo", "Toninho_Cerezo"],
    ["Leônidas da Silva", "Leônidas_da_Silva"],
    ["Arthur Friedenreich", "Arthur_Friedenreich"],
    ["Endrick", "Endrick"],
    ["Estêvão Willian", "Estêvão_Willian"],
    ["Vitor Roque", "Vitor_Roque"],
    ["Douglas Costa", "Douglas_Costa"],
    ["Philippe Coutinho", "Philippe_Coutinho"],
    ["Roberto Firmino", "Roberto_Firmino"],
    ["Fabinho (Liverpool)", "Fabinho_(futebolista,_nascido_em_1993)"],
    ["Fernandinho (Futebolista)", "Fernandinho_(futebolista)"],
    ["Willian (Futebolista)", "Willian_(futebolista)"],
    ["Oscar (Futebolista)", "Oscar_(futebolista)"],
    ["David Luiz", "David_Luiz"],
    ["Marcelo Vieira", "Marcelo_Vieira"],
    ["Daniel Alves", "Daniel_Alves"],
    ["Maicon (Lateral)", "Maicon_Douglas_Sisenando"],
    ["Rafinha (Futebolista)", "Rafinha_(futebolista,_nascido_em_1985)"],
    ["Filipe Luís", "Filipe_Luís"],
    ["Miranda (Futebolista)", "Miranda_(futebolista)"],
    ["Dante (Futebolista)", "Dante_Bonfim_Costa_Santos"],
    ["Elias (Futebolista)", "Elias_Mendes_Trindade"],
    ["Hernanes", "Hernanes"],
    ["Alexandre Pato", "Alexandre_Pato"],
    ["Keirrison", "Keirrison"],
    ["Paulo Henrique Ganso", "Paulo_Henrique_Ganso"],
    ["Lucas Moura", "Lucas_Moura"],
    ["Luan Vieira", "Luan_Vieira"],
    ["Éverton Cebolinha", "Éverton_Cebolinha"],
    ["Taison", "Taison"],
    ["Fred (United)", "Fred_(futebolista,_nascido_em_1993)"],
    ["Alex (Coritiba)", "Alex_(futebolista,_nascido_em_1977)"],
    ["Djalminha", "Djalminha"],
    ["Marcelinho Carioca", "Marcelinho_Carioca"],
    ["Viola (Futebolista)", "Viola_(futebolista)"],
    ["Túlio Maravilha", "Túlio_Maravilha"],
    ["Donizete Pantera", "Donizete_Pantera"],
    ["Dodô (Futebolista)", "Dodô_(futebolista,_nascido_em_1974)"],
    ["Luizinho (Futebolista)", "Luizinho_(futebolista)"],
    ["Wilson Piazza", "Wilson_da_Silva_Piazza"],
    ["Clodoaldo", "Clodoaldo"],
    ["Gérson", "Gérson"],
    ["Félix Miéli", "Félix_Miéli_Venerando"],
    ["Hércules Brito", "Hércules_Brito_Ruas"],
    ["Everaldo (1970)", "Everaldo_Marques_da_Silva"],
    ["Marco Antônio", "Marco_Antônio_Feliciano"],
    ["Edu (Futebolista)", "Edu_(futebolista,_nascido_em_1949)"],
    ["Coutinho (Santos)", "Coutinho_(futebolista)"],
    ["Pepe (Santos)", "Pepe_(futebolista_brasileiro)"],
    ["Mengálvio", "Mengálvio"],
    ["Zito (Futebolista)", "Zito_(futebolista)"],
    ["Gilmar dos Santos Neves", "Gilmar_dos_Santos_Neves"],
    ["Carlos José Castilho", "Carlos_José_Castilho"],
    ["Hideraldo Bellini", "Hideraldo_Luiz_Bellini"],
    ["Mauro Ramos", "Mauro_Ramos_de_Oliveira"],
    ["Zózimo", "Zózimo"],
    ["Orlando Peçanha", "Orlando_Peçanha"],
    ["Vavá", "Vavá"],
    ["Amarildo", "Amarildo_Tavares_da_Silveira"],
    ["Carlos Alberto Parreira", "Carlos_Alberto_Parreira"],
    ["Mano Menezes", "Mano_Menezes"],
    ["Cuca (Treinador)", "Cuca_(treinador)"],
    ["Dorival Júnior", "Dorival_Júnior"],
    ["Fernando Diniz", "Fernando_Diniz"],
    ["Tiago Nunes", "Tiago_Nunes"],
    ["Roger Machado", "Roger_Machado"],
    ["Jair Ventura", "Jair_Ventura"],
    ["Fábio Carille", "Fábio_Carille"],
    ["Eduardo Coudet", "Eduardo_Coudet"],
    ["Juan Pablo Vojvoda", "Juan_Pablo_Vojvoda"],
    ["Vítor Pereira", "Vítor_Pereira_(treinador)"],
    ["Jorge Sampaoli", "Jorge_Sampaoli"],
    ["Antonio Mohamed", "Antonio_Mohamed"],
    ["Paulo Sousa", "Paulo_Sousa"],
    ["Bruno Henrique Pinto", "Bruno_Henrique_Pinto"],
    ["Pedro (Futebolista)", "Pedro_(futebolista)"],
    ["Gerson (Flamengo)", "Gerson_(futebolista,_nascido_em_1997)"],
    ["Rodrigo Caio", "Rodrigo_Caio"],
    ["Diego Alves", "Diego_Alves"],
    ["Léo Pereira", "Léo_Pereira"],
    ["Ayrton Lucas", "Ayrton_Lucas"],
    ["Luiz Araújo", "Luiz_Araújo"],
    ["Allan (Flamengo)", "Allan_Rodrigues_de_Souza"],
    ["Erick Pulgar", "Erick_Pulgar"],
    ["Raphael Veiga", "Raphael_Veiga"],
    ["Rony (Futebolista)", "Rony_(futebolista)"],
    ["Mayke", "Mayke"],
    ["Joaquín Piquerez", "Joaquín_Piquerez"],
    ["Gustavo Gómez", "Gustavo_Gómez"],
    ["Murilo Cerqueira", "Murilo_Cerqueira"],
    ["Aníbal Moreno", "Aníbal_Moreno"],
    ["Zé Rafael", "Zé_Rafael"],
    ["Flaco López", "José_Manuel_López"],
    ["Richard Ríos", "Richard_Ríos"],
    ["Yuri Alberto", "Yuri_Alberto"],
    ["Rodrigo Garro", "Rodrigo_Garro"],
    ["Igor Coronado", "Igor_Coronado"],
    ["Félix Torres", "Félix_Torres"],
    ["Hugo Souza", "Hugo_Souza"],
    ["Jonathan Calleri", "Jonathan_Calleri"],
    ["Luciano (São Paulo)", "Luciano_da_Rocha_Neves"],
    ["Damián Bobadilla", "Damián_Bobadilla"],
    ["Robert Arboleda", "Robert_Arboleda"],
    ["Alan Franco", "Alan_Franco"],
    ["Rafael (São Paulo)", "Rafael_Pires_Monteiro"],
    ["Wellington Rato", "Wellington_Rato"],
    ["Ferreirinha", "Ferreira_(futebolista)"],
    ["Guilherme Arana", "Guilherme_Arana"],
    ["Gustavo Scarpa", "Gustavo_Scarpa"],
    ["Bernard (Futebolista)", "Bernard_(futebolista)"],
    ["Everson (Goleiro)", "Everson_Felipe_Marques_Pires"],
    ["Matías Zaracho", "Matías_Zaracho"],
    ["Rodrigo Battaglia", "Rodrigo_Battaglia"],
    ["Enner Valencia", "Enner_Valencia"],
    ["Alan Patrick", "Alan_Patrick"],
    ["Sergio Rochet", "Sergio_Rochet"],
    ["Rafael Santos Borré", "Rafael_Santos_Borré"],
    ["Wanderson", "Wanderson_Maciel_Sousa_Campos"],
    ["Thiago Maia", "Thiago_Maia"],
    ["Yeferson Soteldo", "Yeferson_Soteldo"],
    ["Diego Costa", "Diego_Costa_(futebolista)"],
    ["Franco Cristaldo", "Franco_Cristaldo"],
    ["Cristian Pavón", "Cristian_Pavón"],
    ["Walter Kannemann", "Walter_Kannemann"],
    ["Pedro Geromel", "Pedro_Geromel"],
    ["Reinaldo (Grêmio)", "Reinaldo_Manoel_da_Silva"],
    ["Agustín Marchesín", "Agustín_Marchesín"],
    ["Dimitri Payet", "Dimitri_Payet"],
    ["Pablo Vegetti", "Pablo_Vegetti"],
    ["Léo Jardim", "Léo_Jardim"],
    ["Lucas Piton", "Lucas_Piton"],
    ["Adson (Futebolista)", "Adson_(futebolista)"],
    ["Hugo Mallo", "Hugo_Mallo"],
    ["Junior Alonso", "Junior_Alonso"],
    ["Thiago Almada", "Thiago_Almada"],
    ["Luiz Henrique", "Luiz_Henrique_André_Rosa_da_Silva"],
    ["Tiquinho Soares", "Tiquinho_Soares"],
    ["Jefferson Savarino", "Jefferson_Savarino"],
    ["John Victor Maciel", "John_Victor_Maciel_Furtado"],
    ["Alexander Barboza", "Alexander_Barboza"],
    ["Gregore", "Gregore"],
    ["Germán Cano", "Germán_Cano"],
    ["Jhon Arias", "Jhon_Arias"],
    ["Kauã Elias", "Kauã_Elias"],
    ["Matheus Martinelli", "Matheus_Martinelli"],
    ["Fábio (Goleiro)", "Fábio_Deivson_Lopes_Maciel"],
    ["Samuel Xavier", "Samuel_Xavier_Brito"],
    ["Keno (Futebolista)", "Keno_(futebolista)"],
    ["Cauly", "Cauly"],
    ["Thaciano", "Thaciano"],
    ["Jean Lucas", "Jean_Lucas_Oliveira_da_Silva"],
    ["Luciano Juba", "Luciano_Juba"],
    ["Biel (Futebolista)", "Biel_(futebolista)"],
    ["Yago Pikachu", "Yago_Pikachu"],
    ["Juan Martín Lucero", "Juan_Martín_Lucero"],
    ["Breno Lopes", "Breno_Lopes_(futebolista)"],
    ["Tinga (Fortaleza)", "Tinga_(futebolista,_nascido_em_1993)"],
    ["Benjamín Kuscevic", "Benjamín_Kuscevic"],
    ["Bolívar (Futebolista)", "Bolívar_(futebolista)"],
    ["Danilo Luiz", "Danilo_Luiz_da_Silva"],
    ["Alex Sandro", "Alex_Sandro"],
    ["Bremer (Futebolista)", "Bremer_(futebolista)"],
    ["Douglas Luiz", "Douglas_Luiz"],
    ["João Gomes", "João_Gomes_(futebolista)"],
    ["Andreas Pereira", "Andreas_Pereira"],
    ["Sávio (Savinho)", "Sávio_(futebolista,_nascido_em_2004)"],
    ["Raphinha", "Raphinha"],
    ["Gabriel Magalhães", "Gabriel_Magalhães"],
    ["Lucas Beraldo", "Lucas_Beraldo"],
    ["Yan Couto", "Yan_Couto"],
    ["Wendell (Futebolista)", "Wendell_(futebolista)"],
    ["Bento (Goleiro)", "Bento_(goleiro)"],
    ["Rafael Cabral", "Rafael_Cabral"],
    ["Mundial 1981", "Copa_Intercontinental_de_1981"],
    ["Mundial 1992", "Copa_Intercontinental_de_1992"],
    ["Mundial 1993", "Copa_Intercontinental_de_1993"],
    ["Mundial 2000", "Campeonato_Mundial_de_Clubes_da_FIFA_de_2000"],
    ["Mundial 2005", "Copa_do_Mundo_de_Clubes_da_FIFA_de_2005"],
    ["Mundial 2006", "Copa_do_Mundo_de_Clubes_da_FIFA_de_2006"],
    ["Mundial 2011", "Copa_do_Mundo_de_Clubes_da_FIFA_de_2011"],
    ["Mundial 2012", "Copa_do_Mundo_de_Clubes_da_FIFA_de_2012"],
    ["Série B", "Campeonato_Brasileiro_de_Futebol_-_Série_B"],
    ["Série C", "Campeonato_Brasileiro_de_Futebol_-_Série_C"],
    ["Série D", "Campeonato_Brasileiro_de_Futebol_-_Série_D"],
    ["Copa Sul-Americana", "Copa_Sul-Americana"],
    ["Recopa Sul-Americana", "Recopa_Sul-Americana"],
    ["Supercopa do Brasil", "Supercopa_do_Brasil_de_Futebol"],
    ["MLS", "Major_League_Soccer"],
    ["Campeonato Saudita", "Campeonato_Saudita_de_Futebol"],
    ["Ligue 1", "Ligue_1"],
    ["Bundesliga", "Bundesliga"],
    ["Serie A (Itália)", "Serie_A_(Itália)"],
    ["La Liga", "La_Liga"],
    ["Premier League", "Premier_League"],
    ["Arena MRV", "Arena_MRV"],
    ["Al-Hilal", "Al-Hilal_Saudi_Football_Club"],
    ["Al-Nassr", "Al-Nassr_Football_Club"]
  ]
}

