{
  "startUrls": [
    "Geografia_do_Brasil",
    "Geografia_física",
    "Continente",
    "Oceano",
    "Lista_de_unidades_federativas_do_Brasil",
    "Fuso_horário"
  ],
  "themes": [
    ["África", "África"],
    ["Antártida", "Antártida"],
    ["Ásia", "Ásia"],
    ["Europa", "Europa"],
    ["América do Norte", "América_do_Norte"],
    ["América do Sul", "América_do_Sul"],
    ["Oceania", "Oceania"],
    ["Oceano Atlântico", "Oceano_Atlântico"],
    ["Oceano Pacífico", "Oceano_Pacífico"],
    ["Oceano Índico", "Oceano_Índico"],
    ["Oceano Ártico", "Oceano_Glacial_Ártico"],
    ["Oceano Antártico", "Oceano_Antártico"],
    ["Mar Mediterrâneo", "Mar_Mediterrâneo"],
    ["Mar Vermelho", "Mar_Vermelho"],
    ["Mar Morto", "Mar_Morto"],
    ["Mar do Caribe", "Mar_do_Caribe"],
    ["Mar Cáspio", "Mar_Cáspio"],
    ["Acre", "Acre"],
    ["Alagoas", "Alagoas"],
    ["Amapá", "Amapá"],
    ["Amazonas", "Amazonas"],
    ["Bahia", "Bahia"],
    ["Ceará", "Ceará"],
    ["Distrito Federal", "Distrito_Federal_(Brasil)"],
    ["Espírito Santo", "Espírito_Santo"],
    ["Goiás", "Goiás"],
    ["Maranhão", "Maranhão"],
    ["Mato Grosso", "Mato_Grosso"],
    ["Mato Grosso do Sul", "Mato_Grosso_do_Sul"],
    ["Minas Gerais", "Minas_Gerais"],
    ["Pará", "Pará"],
    ["Paraíba", "Paraíba"],
    ["Paraná", "Paraná"],
    ["Pernambuco", "Pernambuco"],
    ["Piauí", "Piauí"],
    ["Rio de Janeiro (Estado)", "Rio_de_Janeiro_(estado)"],
    ["Rio Grande do Norte", "Rio_Grande_do_Norte"],
    ["Rio Grande do Sul", "Rio_Grande_do_Sul"],
    ["Rondônia", "Rondônia"],
    ["Roraima", "Roraima"],
    ["Santa Catarina", "Santa_Catarina"],
    ["São Paulo (Estado)", "São_Paulo_(estado)"],
    ["Sergipe", "Sergipe"],
    ["Tocantins", "Tocantins"],
    ["São Paulo (Cidade)", "São_Paulo"],
    ["Rio de Janeiro (Cidade)", "Rio_de_Janeiro"],
    ["Brasília", "Brasília"],
    ["Salvador", "Salvador"],
    ["Belo Horizonte", "Belo_Horizonte"],
    ["Manaus", "Manaus"],
    ["Curitiba", "Curitiba"],
    ["Recife", "Recife"],
    ["Goiânia", "Goiânia"],
    ["Belém", "Belém"],
    ["Porto Alegre", "Porto_Alegre"],
    ["Guarulhos", "Guarulhos"],
    ["Campinas", "Campinas"],
    ["São Luís", "São_Luís"],
    ["Maceió", "Maceió"],
    ["Campo Grande", "Campo_Grande"],
    ["Natal", "Natal"],
    ["Teresina", "Teresina"],
    ["João Pessoa", "João_Pessoa"],
    ["Aracaju", "Aracaju"],
    ["Cuiabá", "Cuiabá"],
    ["Porto Velho", "Porto_Velho"],
    ["Florianópolis", "Florianópolis"],
    ["Macapá", "Macapá"],
    ["Rio Branco", "Rio_Branco"],
    ["Vitória", "Vitória"],
    ["Boa Vista", "Boa_Vista_(Roraima)"],
    ["Palmas", "Palmas_(Tocantins)"],
    ["Santa Mariana", "Santa_Mariana"],
    ["Cornélio Procópio", "Cornélio_Procópio"],
    ["Itambaracá", "Itambaracá"],
    ["Bandeirantes", "Bandeirantes_(Paraná)"],
    ["Londrina", "Londrina"],
    ["Maringá", "Maringá"],
    ["Ponta Grossa", "Ponta_Grossa"],
    ["Cascavel", "Cascavel_(Paraná)"],
    ["Foz do Iguaçu", "Foz_do_Iguaçu"],
    ["Guarapuava", "Guarapuava"],
    ["Paranaguá", "Paranaguá"],
    ["Apucarana", "Apucarana"],
    ["Pinhais", "Pinhais"],
    ["São José dos Pinhais", "São_José_dos_Pinhais"],
    ["Colombo", "Colombo_(Paraná)"],
    ["Jacarezinho", "Jacarezinho"],
    ["Santo Antônio da Platina", "Santo_Antônio_da_Platina"],
    ["Andirá", "Andirá"],
    ["Ribeirão do Pinhal", "Ribeirão_do_Pinhal"],
    ["Sertaneja", "Sertaneja"],
    ["Uraí", "Uraí"],
    ["Assis", "Assis_(São_Paulo)"],
    ["Ourinhos", "Ourinhos"],
    ["Presidente Prudente", "Presidente_Prudente"],
    ["Santos", "Santos"],
    ["Niterói", "Niterói"],
    ["São Gonçalo", "São_Gonçalo_(Rio_de_Janeiro)"],
    ["Duque de Caxias", "Duque_de_Caxias"],
    ["Nova Iguaçu", "Nova_Iguaçu"],
    ["Ribeirão Preto", "Ribeirão_Preto"],
    ["Sorocaba", "Sorocaba"],
    ["Osasco", "Osasco"],
    ["São Bernardo do Campo", "São_Bernardo_do_Campo"],
    ["Santo André", "Santo_André"],
    ["Jundiaí", "Jundiaí"],
    ["Piracicaba", "Piracicaba"],
    ["São José dos Campos", "São_José_dos_Campos"],
    ["Juiz de Fora", "Juiz_de_Fora"],
    ["Uberlândia", "Uberlândia"],
    ["Contagem", "Contagem"],
    ["Joinville", "Joinville"],
    ["Caxias do Sul", "Caxias_do_Sul"],
    ["Pelotas", "Pelotas"],
    ["Canoas", "Canoas"],
    ["Feira de Santana", "Feira_de_Santana"],
    ["Vitória da Conquista", "Vitória_da_Conquista"],
    ["Campina Grande", "Campina_Grande"],
    ["Caruaru", "Caruaru"],
    ["Petrolina", "Petrolina"],
    ["Ananindeua", "Ananindeua"],
    ["Santarém", "Santarém_(Pará)"],
    ["Aparecida de Goiânia", "Aparecida_de_Goiânia"],
    ["Anápolis", "Anápolis"],
    ["Caucaia", "Caucaia"],
    ["Juazeiro do Norte", "Juazeiro_do_Norte"],
    ["Linha do Equador", "Linha_do_equador"],
    ["Trópico de Capricórnio", "Trópico_de_Capricórnio"],
    ["Trópico de Câncer", "Trópico_de_Câncer"],
    ["Círculo Polar Ártico", "Círculo_polar_ártico"],
    ["Círculo Polar Antártico", "Círculo_polar_antártico"],
    ["Meridiano de Greenwich", "Meridiano_de_Greenwich"],
    ["Polo Norte", "Polo_Norte"],
    ["Polo Sul", "Polo_Sul"],
    ["Monte Everest", "Monte_Everest"],
    ["Cordilheira dos Andes", "Cordilheira_dos_Andes"],
    ["Himalaia", "Himalaia"],
    ["Alpes", "Alpes"],
    ["Montanhas Rochosas", "Montanhas_Rochosas"],
    ["Monte Fuji", "Monte_Fuji"],
    ["Monte Kilimanjaro", "Kilimanjaro"],
    ["Pão de Açúcar", "Morro_do_Pão_de_Açúcar"],
    ["Cristo Redentor", "Cristo_Redentor"],
    ["Rio Amazonas", "Rio_Amazonas"],
    ["Rio Nilo", "Rio_Nilo"],
    ["Rio Mississipi", "Rio_Mississipi"],
    ["Rio Danúbio", "Rio_Danúbio"],
    ["Rio Ganges", "Rio_Ganges"],
    ["Rio Paraná", "Rio_Paraná"],
    ["Rio São Francisco", "Rio_São_Francisco"],
    ["Rio Paraguai", "Rio_Paraguai"],
    ["Rio Uruguai", "Rio_Uruguai"],
    ["Bacia Platina", "Bacia_do_Rio_da_Prata"],
    ["Delta do Nilo", "Delta_do_Nilo"],
    ["Foz do Iguaçu (Cataratas)", "Cataratas_do_Iguaçu"],
    ["Cataratas do Niágara", "Cataratas_do_Niágara"],
    ["Salto Angel", "Salto_Ángel"],
    ["Deserto do Saara", "Deserto_do_Saara"],
    ["Deserto de Atacama", "Deserto_de_Atacama"],
    ["Deserto de Gobi", "Deserto_de_Gobi"],
    ["Grand Canyon", "Grand_Canyon"],
    ["Placas Tectônicas", "Tectónica_de_placas"],
    ["Deriva Continental", "Deriva_continental"],
    ["Pangeia", "Pangeia"],
    ["Terremoto", "Sismo"],
    ["Tsunami", "Tsunami"],
    ["Vulcão", "Vulcão"],
    ["Ciclone tropical", "Ciclone_tropical"],
    ["Tornado", "Tornado"],
    ["El Niño", "El_Niño"],
    ["La Niña", "La_Niña"],
    ["Efeito Estufa", "Efeito_estufa"],
    ["Camada de Ozônio", "Camada_de_ozono"],
    ["Aquecimento Global", "Aquecimento_global"],
    ["Ecossistema", "Ecossistema"],
    ["Biodiversidade", "Biodiversidade"],
    ["Floresta Amazônica", "Floresta_Amazônica"],
    ["Mata Atlântica", "Mata_Atlântica"],
    ["Pantanal", "Pantanal"],
    ["Cerrado", "Cerrado"],
    ["Caatinga", "Caatinga"],
    ["Pampa", "Pampa"],
    ["Manguezal", "Manguezal"],
    ["Recife de coral", "Recife_de_coral"],
    ["Atol", "Atol"],
    ["Arquipélago", "Arquipélago"],
    ["Península", "Península"],
    ["Istmo", "Istmo"],
    ["Estreito de Gibraltar", "Estreito_de_Gibraltar"],
    ["Canal do Panamá", "Canal_do_Panamá"],
    ["Canal de Suez", "Canal_de_Suez"],
    ["Golfo Pérsico", "Golfo_Pérsico"],
    ["Baía de Guanabara", "Baía_de_Guanabara"],
    ["Lago Baikal", "Lago_Baikal"],
    ["Lago Vitória", "Lago_Vitória"],
    ["Mar Morto", "Mar_Morto"],
    ["Rio Tibre", "Rio_Tibre"],
    ["Rio Sena", "Rio_Sena"],
    ["Rio Tamisa", "Rio_Tamisa"],
    ["Rio Pó", "Rio_Pó"],
    ["Planície", "Planície"],
    ["Planalto", "Planalto"],
    ["Depressão (geografia)", "Depressão_(geografia)"],
    ["Escudo das Guianas", "Planalto_das_Guianas"],
    ["Chapada Diamantina", "Chapada_Diamantina"],
    ["Serra do Mar", "Serra_do_Mar"],
    ["Serra da Mantiqueira", "Serra_da_Mantiqueira"],
    ["Pico da Neblina", "Pico_da_Neblina"],
    ["Pico da Bandeira", "Pico_da_Bandeira"],
    ["Monte Roraima", "Monte_Roraima"],
    ["Aconcágua", "Aconcágua"],
    ["Estalactite", "Estalactite"],
    ["Caverna", "Caverna"],
    ["Duna", "Duna"],
    ["Geleira", "Geleira"],
    ["Iceberg", "Iceberg"],
    ["Permafrost", "Permafrost"],
    ["Savana", "Savana"],
    ["Estepes", "Estepe"],
    ["Tundra", "Tundra"],
    ["Taiga", "Taiga"],
    ["Pradaria", "Pradaria"],
    ["Deserto", "Deserto"],
    ["Oásis", "Oásis"],
    ["Fronteira", "Fronteira"],
    ["Demografia", "Demografia"],
    ["Densidade Populacional", "Densidade_populacional"],
    ["Urbanização", "Urbanização"],
    ["Metrópole", "Metrópole"],
    ["Megalópole", "Megalópole"],
    ["Favela", "Favela"],
    ["Gentrificação", "Gentrificação"],
    ["Migração", "Migração"],
    ["Refugiado", "Refugiado"],
    ["IDH", "Índice_de_Desenvolvimento_Humano"],
    ["PIB", "Produto_interno_bruto"]
    ["Globalização", "Globalização"],
    ["Capitalismo", "Capitalismo"],
    ["Socialismo", "Socialismo"],
    ["Geopolítica", "Geopolítica"],
    ["ONU", "Organização_das_Nações_Unidas"],
    ["OTAN", "OTAN"],
    ["União Europeia", "União_Europeia"],
    ["Mercosul", "Mercosul"],
    ["BRICS", "BRICS"],
    ["G7", "G7"],
    ["G20", "G20"],
    ["Países Desenvolvidos", "País_desenvolvido"],
    ["Países em Desenvolvimento", "País_em_desenvolvimento"],
    ["Terceiro Mundo", "Terceiro_Mundo"],
    ["Cartografia", "Cartografia"],
    ["Latitude", "Latitude"],
    ["Longitude", "Longitude"],
    ["Escala cartográfica", "Escala_cartográfica"],
    ["Projeção de Mercator", "Projeção_de_Mercator"],
    ["GPS", "Sistema_de_Posicionamento_Global"],
    ["Topografia", "Topografia"],
    ["Hidrografia", "Hidrografia"],
    ["Astrologia", "Astrologia"],
    ["Astronomia", "Astronomia"],
    ["Sistema Solar", "Sistema_Solar"],
    ["Via Láctea", "Via_Láctea"],
    ["Sol", "Sol"],
    ["Lua", "Lua"],
    ["Marte (planeta)", "Marte_(planeta)"],
    ["Vênus (planeta)", "Vênus_(planeta)"],
    ["Júpiter (planeta)", "Júpiter_(planeta)"],
    ["Saturno (planeta)", "Saturno_(planeta)"],
    ["Urano (planeta)", "Urano_(planeta)"],
    ["Netuno (planeta)", "Netuno_(planeta)"],
    ["Buraco negro", "Buraco_negro"],
    ["Estrela", "Estrela"],
    ["Galáxia", "Galáxia"],
    ["Cometa", "Cometa"],
    ["Asteroide", "Asteroide"],
    ["Meteorito", "Meteorito"],
    ["Gravidade", "Gravidade"],
    ["Atmosfera terrestre", "Atmosfera_terrestre"],
    ["Estratosfera", "Estratosfera"],
    ["Troposfera", "Troposfera"],
    ["Aurora polar", "Aurora_polar"],
    ["Afeganistão", "Afeganistão"],
    ["Albânia", "Albânia"],
    ["Alemanha", "Alemanha"],
    ["Andorra", "Andorra"],
    ["Angola", "Angola"],
    ["Antígua e Barbuda", "Antígua_e_Barbuda"],
    ["Arábia Saudita", "Arábia_Saudita"],
    ["Argélia", "Argélia"],
    ["Argentina", "Argentina"],
    ["Armênia", "Armênia"],
    ["Austrália", "Austrália"],
    ["Áustria", "Áustria"],
    ["Azerbaijão", "Azerbaijão"],
    ["Bahamas", "Bahamas"],
    ["Bangladesh", "Bangladesh"],
    ["Barbados", "Barbados"],
    ["Bahrein", "Bahrein"],
    ["Bélgica", "Bélgica"],
    ["Belize", "Belize"],
    ["Benim", "Benim"],
    ["Bielorrússia", "Bielorrússia"],
    ["Bolívia", "Bolívia"],
    ["Bósnia e Herzegovina", "Bósnia_e_Herzegovina"],
    ["Botsuana", "Botsuana"],
    ["Brunei", "Brunei"],
    ["Bulgária", "Bulgária"],
    ["Burquina Fasso", "Burquina_Fasso"],
    ["Burundi", "Burundi"],
    ["Butão", "Butão"],
    ["Cabo Verde", "Cabo_Verde"],
    ["Camarões", "Camarões"],
    ["Camboja", "Camboja"],
    ["Canadá", "Canadá"],
    ["Catar", "Catar"],
    ["Cazaquistão", "Cazaquistão"],
    ["Chade", "Chade"],
    ["Chile", "Chile"],
    ["China", "China"],
    ["Chipre", "Chipre"],
    ["Colômbia", "Colômbia"],
    ["Comores", "Comores"],
    ["Coreia do Norte", "Coreia_do_Norte"],
    ["Coreia do Sul", "Coreia_do_Sul"],
    ["Costa do Marfim", "Costa_do_Marfim"],
    ["Costa Rica", "Costa_Rica"],
    ["Croácia", "Croácia"],
    ["Cuba", "Cuba"],
    ["Dinamarca", "Dinamarca"],
    ["Djibouti", "Djibouti"],
    ["Dominica", "Dominica"],
    ["Egito", "Egito"],
    ["El Salvador", "El_Salvador"],
    ["Emirados Árabes Unidos", "Emirados_Árabes_Unidos"],
    ["Equador", "Equador"],
    ["Eritreia", "Eritreia"],
    ["Eslováquia", "Eslováquia"],
    ["Eslovênia", "Eslovênia"],
    ["Espanha", "Espanha"],
    ["Essuatíni", "Essuatíni"],
    ["Estados Unidos", "Estados_Unidos"],
    ["Estônia", "Estônia"],
    ["Etiópia", "Etiópia"],
    ["Fiji", "Fiji"],
    ["Filipinas", "Filipinas"],
    ["Finlândia", "Finlândia"],
    ["França", "França"],
    ["Gabão", "Gabão"],
    ["Gâmbia", "Gâmbia"],
    ["Gana", "Gana"],
    ["Geórgia", "Geórgia_(país)"],
    ["Granada", "Granada_(país)"],
    ["Grécia", "Grécia"],
    ["Guatemala", "Guatemala"],
    ["Guiana", "Guiana"],
    ["Guiné", "Guiné"],
    ["Guiné-Bissau", "Guiné-Bissau"],
    ["Guiné Equatorial", "Guiné_Equatorial"],
    ["Haiti", "Haiti"],
    ["Honduras", "Honduras"],
    ["Hungria", "Hungria"],
    ["Iêmen", "Iêmen"],
    ["Ilhas Marshall", "Ilhas_Marshall"],
    ["Ilhas Salomão", "Ilhas_Salomão"],
    ["Índia", "Índia"],
    ["Indonésia", "Indonésia"],
    ["Irã", "Irã"],
    ["Iraque", "Iraque"],
    ["Irlanda", "Irlanda"],
    ["Islândia", "Islândia"],
    ["Israel", "Israel"],
    ["Itália", "Itália"],
    ["Jamaica", "Jamaica"],
    ["Japão", "Japão"],
    ["Jordânia", "Jordânia"],
    ["Kiribati", "Kiribati"],
    ["Kuwait", "Kuwait"],
    ["Laos", "Laos"],
    ["Lesoto", "Lesoto"],
    ["Letônia", "Letônia"],
    ["Líbano", "Líbano"],
    ["Libéria", "Libéria"],
    ["Líbia", "Líbia"],
    ["Liechtenstein", "Liechtenstein"],
    ["Lituânia", "Lituânia"],
    ["Luxemburgo", "Luxemburgo"],
    ["Macedônia do Norte", "Macedônia_do_Norte"],
    ["Madagascar", "Madagascar"],
    ["Malásia", "Malásia"],
    ["Malaui", "Malaui"],
    ["Maldivas", "Maldivas"],
    ["Mali", "Mali"],
    ["Malta", "Malta"],
    ["Marrocos", "Marrocos"],
    ["Maurícia", "Maurícia"],
    ["Mauritânia", "Mauritânia"],
    ["México", "México"],
    ["Mianmar", "Mianmar"],
    ["Micronésia", "Estados_Federados_da_Micronésia"],
    ["Moçambique", "Moçambique"],
    ["Moldávia", "Moldávia"],
    ["Mônaco", "Mônaco"],
    ["Mongólia", "Mongólia"],
    ["Montenegro", "Montenegro"],
    ["Namíbia", "Namíbia"],
    ["Nauru", "Nauru"],
    ["Nepal", "Nepal"],
    ["Nicarágua", "Nicarágua"],
    ["Níger", "Níger"],
    ["Nigéria", "Nigéria"],
    ["Noruega", "Noruega"],
    ["Nova Zelândia", "Nova_Zelândia"],
    ["Omã", "Omã"],
    ["Países Baixos", "Países_Baixos"],
    ["Palau", "Palau"],
    ["Panamá", "Panamá"],
    ["Papua-Nova Guiné", "Papua-Nova_Guiné"],
    ["Paquistão", "Paquistão"],
    ["Paraguai", "Paraguai"],
    ["Peru", "Peru"],
    ["Polônia", "Polônia"],
    ["Portugal", "Portugal"],
    ["Quênia", "Quênia"],
    ["Quirguistão", "Quirguistão"],
    ["Reino Unido", "Reino_Unido"],
    ["República Centro-Africana", "República_Centro-Africana"],
    ["República do Congo", "República_do_Congo"],
    ["República Democrática do Congo", "República_Democrática_do_Congo"],
    ["República Dominicana", "República_Dominicana"],
    ["República Tcheca", "Chéquia"],
    ["Romênia", "Romênia"],
    ["Ruanda", "Ruanda"],
    ["Rússia", "Rússia"],
    ["Samoa", "Samoa"],
    ["Santa Lúcia", "Santa_Lúcia"],
    ["São Cristóvão e Neves", "São_Cristóvão_e_Neves"],
    ["São Marinho", "San_Marino"],
    ["São Tomé e Príncipe", "São_Tomé_e_Príncipe"],
    ["São Vicente e Granadinas", "São_Vicente_e_Granadinas"],
    ["Senegal", "Senegal"],
    ["Serra Leoa", "Serra_Leoa"],
    ["Sérvia", "Sérvia"],
    ["Seychelles", "Seychelles"],
    ["Singapura", "Singapura"],
    ["Síria", "Síria"],
    ["Somália", "Somália"],
    ["Sri Lanka", "Sri_Lanka"],
    ["Sudão", "Sudão"],
    ["Sudão do Sul", "Sudão_do_Sul"],
    ["Suécia", "Suécia"],
    ["Suíça", "Suíça"],
    ["Suriname", "Suriname"],
    ["Tailândia", "Tailândia"],
    ["Taiwan", "Taiwan"],
    ["Tajiquistão", "Tajiquistão"],
    ["Tanzânia", "Tanzânia"],
    ["Timor-Leste", "Timor-Leste"],
    ["Togo", "Togo"],
    ["Tonga", "Tonga"],
    ["Trindade e Tobago", "Trindade_e_Tobago"],
    ["Tunísia", "Tunísia"],
    ["Turcomenistão", "Turcomenistão"],
    ["Turquia", "Turquia"],
    ["Tuvalu", "Tuvalu"],
    ["Ucrânia", "Ucrânia"],
    ["Uganda", "Uganda"],
    ["Uruguai", "Uruguai"],
    ["Uzbequistão", "Uzbequistão"],
    ["Vanuatu", "Vanuatu"],
    ["Vaticano", "Vaticano"],
    ["Venezuela", "Venezuela"],
    ["Vietnã", "Vietnã"],
    ["Zâmbia", "Zâmbia"],
    ["Zimbábue", "Zimbábue"],
    ["Muralha da China", "Grande_Muralha_da_China"],
    ["Pirâmides de Gizé", "Pirâmides_de_Gizé"],
    ["Coliseu de Roma", "Coliseu"],
    ["Machu Picchu", "Machu_Picchu"],
    ["Taj Mahal", "Taj_Mahal"],
    ["Petra", "Petra"],
    ["Estátua da Liberdade", "Estátua_da_Liberdade"],
    ["Torre Eiffel", "Torre_Eiffel"],
    ["Big Ben", "Big_Ben"],
    ["Stonehenge", "Stonehenge"]
  ]
}

